{
  "pde_name": "Advection2D_Gaussian",
  "case_id": "advection2d_gaussian",
  "ground_truth_expression": "exp(-((x1 - t)**2 + (x2 - t)**2) / 0.5)",
  "config": {
    "pinn_num_hidden_layers": 4,
    "pinn_num_neurons": 50,
    "pinn_activation": "tanh",
    "pinn_num_domain": 2000,
    "pinn_num_boundary": 500,
    "pinn_adam_epochs": 15000,
    "pinn_adam_lr": 0.001,
    "pinn_use_lbfgs": true,
    "pinn_lbfgs_epochs": 1000,
    "dsr_max_epochs": 200,
    "dsr_batch_size": 1000,
    "dsr_learning_rate": 0.001,
    "dsr_entropy_weight": 0.07,
    "dsr_risk_factor": 0.05,
    "dsr_num_samples": 1000,
    "dsr_python": null,
    "dsr_backend": "tensorflow",
    "dsr_device": "cpu",
    "dsr_timeout_sec": null,
    "dsr_n_cores_batch": null,
    "num_runs": 1,
    "base_seed": 42,
    "output_dir": "/home/schuang/work/sym_expr_bench/pinn_dsr_bench/results/advection2d_gaussian"
  },
  "statistics": {
    "num_runs": 1,
    "num_successful": 1,
    "pre_rate": 0.0,
    "pre_count": 0,
    "l_phy_mean": 0.20725800114530513,
    "l_phy_std": 0.0,
    "l_phy_min": 0.20725800114530513,
    "l_phy_max": 0.20725800114530513,
    "pinn_l2_mean": 0.0006971614416350537,
    "pinn_l2_std": 0.0,
    "mse_mean": 0.021741431138914434,
    "mse_min": 0.021741431138914434,
    "mse_max": 0.021741431138914434
  },
  "runs": [
    {
      "run_id": 0,
      "seed": 42,
      "pde_name": "Advection2D_Gaussian",
      "timestamp": "2026-03-28T13:57:38.826210",
      "ground_truth_expression": "exp(-((x1 - t)**2 + (x2 - t)**2) / 0.5)",
      "pinn_training_time": 24.754049062728882,
      "pinn_l2_error": 0.0006971614416350537,
      "pinn_mse": 1.984342500938728e-07,
      "dsr_time": 195.52217602729797,
      "expression": "0.7885312929137145*sin(x1 + 1.4864116782613999*x2 - 1.9728233565227998*t + 1.3161568498831901)",
      "dsr_reward": 0.6384949445550463,
      "dsr_profile": {
        "fit_time_sec": 193.05940711102448,
        "predict_time_sec": 6.885401671752334e-05,
        "backend": "tensorflow",
        "device": "cpu",
        "n_cores_batch": -1
      },
      "l_phy": 0.20725800114530513,
      "pre": false,
      "mse": 0.021741431138914434,
      "mse_vs_gt": 0.021741431138914434,
      "relative_mse": 0.05325228070787431
    }
  ]
}